{"cameraMode":{"drawMode":0,"name":"Shaded","section":"Shading Mode"},"sceneLighting":true,"audioPlay":false,"sceneViewState":{"showFog":false,"showMaterialUpdate":false,"showSkybox":true,"showFlares":true,"showImageEffects":true,"showParticleSystems":true},"in2DMode":false,"pivot":{"x":12.903016090393067,"y":-10.666154861450196,"z":21.32703399658203},"rotation":{"x":-0.2309476137161255,"y":-0.22954219579696656,"z":0.056346993893384936,"w":-0.943907618522644},"size":82.43040466308594,"orthographic":false}