{"cameraMode":{"drawMode":0,"name":"Shaded","section":"Shading Mode"},"sceneLighting":true,"audioPlay":false,"sceneViewState":{"showFog":false,"showMaterialUpdate":false,"showSkybox":true,"showFlares":true,"showImageEffects":true,"showParticleSystems":true},"in2DMode":false,"pivot":{"x":-70.13758087158203,"y":-29.39299201965332,"z":-91.05986022949219},"rotation":{"x":0.0817456990480423,"y":-0.7778165340423584,"z":0.10316678881645203,"w":0.6146810054779053},"size":163.30014038085938,"orthographic":false}