{"cameraMode":{"drawMode":0,"name":"Shaded","section":"Shading Mode"},"sceneLighting":false,"audioPlay":false,"sceneViewState":{"showFog":true,"showMaterialUpdate":false,"showSkybox":false,"showFlares":true,"showImageEffects":true,"showParticleSystems":true},"in2DMode":false,"pivot":{"x":-15.080512046813965,"y":-12.803938865661621,"z":-3.141789197921753},"rotation":{"x":0.21273273229599,"y":0.43553265929222109,"z":-0.10672513395547867,"w":0.8681380152702332},"size":2.8702948093414308,"orthographic":false}