{"cameraMode":{"drawMode":0,"name":"Shaded","section":"Shading Mode"},"sceneLighting":false,"audioPlay":false,"sceneViewState":{"showFog":true,"showMaterialUpdate":false,"showSkybox":false,"showFlares":true,"showImageEffects":true,"showParticleSystems":true},"in2DMode":false,"pivot":{"x":0.04200279712677002,"y":0.14252299070358277,"z":-0.004796624183654785},"rotation":{"x":0.21273273229599,"y":0.43553265929222109,"z":-0.10672513395547867,"w":0.8681380152702332},"size":1.5498597621917725,"orthographic":false}